Metric,Value
Precision,1.0
Recall,0.9487179487179487
F1 Score,0.9736842105263158
